"date_sold","region","suburb","property_type","price","weekly_household","estimated_annual_household","affordability_ratio","km_from_cbd","num_bed","num_bath","num_parking","property_size"
"13/2/16","Inner West","Leichhardt","House","1600000","2673","138996","11.51","5.31","4","1","0","177"
"18/2/16","CBD & Inner City","Ultimo","House","2300000","1805","93860","24.5","1.9","4","2","0","134"
"18/2/16","Inner West","Leichhardt","House","1500000","2673","138996","10.79","5.31","4","2","0","177"
"19/2/16","Inner West","Leichhardt","House","1265000","2673","138996","9.1","5.31","3","1","0","220"
"20/2/16","Inner West","Burwood","House","1340000","1671","86892","15.42","9.9","2","1","2","273"
"26/2/16","Inner South","Mascot","House","1230000","2254","117208","10.49","9.35","3","2","2","266"
"27/2/16","Inner West","Leichhardt","House","1800000","2673","138996","12.95","5.31","3","2","1","348"
"27/2/16","Inner West","Leichhardt","House","1160000","2673","138996","8.35","5.31","3","1","0","186"
"27/2/16","Inner West","Leichhardt","House","1085000","2673","138996","7.81","5.31","2","1","1","209"
"27/2/16","Inner West","Leichhardt","House","925000","2673","138996","6.65","5.31","2","1","0","139"
"29/2/16","Inner South","Alexandria","House","1100000","2654","138008","7.97","5.06","2","1","1","112"
"29/2/16","Inner South","Zetland","Apartment / Unit / Flat","755000","2192","113984","6.62","4.72","1","1","1","59"
"17/3/16","Inner South","Mascot","House","1105000","2254","117208","9.43","9.35","3","1","0","253"
"18/3/16","Inner South","Alexandria","House","1800000","2654","138008","13.04","5.06","3","2","2","145"
"19/3/16","Eastern Suburbs","Bondi Junction","House","2418000","2379","123708","19.55","4.85","3","2","0","205"
"19/3/16","Inner South","Mascot","House","1219000","2254","117208","10.4","9.35","3","2","1","251"
"30/3/16","Inner South","Alexandria","Apartment / Unit / Flat","900000","2654","138008","6.52","5.06","2","1","1","603"
"17/4/16","Eastern Suburbs","Bondi Junction","House","1840000","2379","123708","14.87","4.85","3","1","0","264"
"16/5/16","Eastern Suburbs","Bondi","Apartment / Unit / Flat","1010000","2546","132392","7.63","6.13","2","1","1","81"
"28/5/16","North Shore","Eastwood","House","1650000","1945","101140","16.31","14.34","3","2","1","556"
"28/5/16","North Shore","Eastwood","House","1265000","1945","101140","12.51","14.34","5","1","1","664"
"15/6/16","Eastern Suburbs","Bondi","House","2650000","2546","132392","20.02","6.13","4","2","2","400"
"16/7/16","North Shore","St Leonards","Apartment / Unit / Flat","695000","2475","128700","5.4","5","1","1","0","55"
"10/10/16","North Shore","North Sydney","Apartment / Unit / Flat","800000","2405","125060","6.4","3.16","2","1","1","86"
"12/10/16","South / St George","Arncliffe","House","1425000","2046","106392","13.39","10.09","3","2","1","241"
"21/10/16","Inner South","Waterloo","House","3100000","2028","105456","29.4","3.91","4","3","1","455"
"21/10/16","Western Sydney","Rhodes","Apartment / Unit / Flat","935000","2183","113516","8.24","11.87","2","2","1","110"
"29/10/16","South / St George","Arncliffe","House","1600000","2046","106392","15.04","10.09","3","2","3","697"
"24/11/16","CBD & Inner City","Sydney","Apartment / Unit / Flat","4150000","2227","115804","35.84","0.31","3","2","2","186"
"25/11/16","North Shore","Chatswood","House","2500000","2158","112216","22.28","8.15","4","2","1","670"
"25/11/16","South / St George","Arncliffe","House","2000000","2046","106392","18.8","10.09","5","2","4","396"
"25/11/16","Inner South","Redfern","Apartment / Unit / Flat","581000","2145","111540","5.21","3.12","1","1","0","57"
"26/11/16","CBD & Inner City","Ultimo","House","2450000","1805","93860","26.1","1.9","3","2","2","231"
"28/11/16","South / St George","Arncliffe","House","1025000","2046","106392","9.63","10.09","2","1","1","355"
"28/11/16","North Shore","Chatswood","Apartment / Unit / Flat","688000","2158","112216","6.13","8.15","1","1","1","103"
"30/11/16","North Shore","Chatswood","House","2400000","2158","112216","21.39","8.15","3","1","1","715"
"30/11/16","South / St George","Arncliffe","House","1685000","2046","106392","15.84","10.09","5","2","4","730"
"3/12/16","Inner South","Mascot","House","1351000","2254","117208","11.53","9.35","3","1","1","420"
"13/12/16","CBD & Inner City","Sydney","Apartment / Unit / Flat","2020000","2227","115804","17.44","0.31","3","3","2","173"
"15/12/16","North Shore","Chatswood","Apartment / Unit / Flat","1350100","2158","112216","12.03","8.15","2","2","1","130"
"16/12/16","South / St George","Kogarah","Apartment / Unit / Flat","600000","1903","98956","6.06","13.34","2","1","1","101"
"17/12/16","Inner South","Redfern","House","1142000","2145","111540","10.24","3.12","2","1","0","76"
"20/12/16","South / St George","Kogarah","Apartment / Unit / Flat","715000","1903","98956","7.23","13.34","2","1","1","113"
"23/12/16","South / St George","Kogarah","Apartment / Unit / Flat","655000","1903","98956","6.62","13.34","3","1","1","129"
"14/2/17","South / St George","Kogarah","Apartment / Unit / Flat","600000","1903","98956","6.06","13.34","2","1","1","92"
"23/2/17","South / St George","Kogarah","House","2020000","1903","98956","20.41","13.34","4","3","2","436"
"23/2/17","South / St George","Kogarah","House","1400000","1903","98956","14.15","13.34","3","1","2","449"
"20/5/17","Inner West","Leichhardt","House","1205000","2673","138996","8.67","5.31","2","1","0","184"
"27/5/17","Inner West","Leichhardt","House","1682000","2673","138996","12.1","5.31","2","1","0","304"
"29/5/17","Inner West","Leichhardt","House","1763000","2673","138996","12.68","5.31","3","1","0","328"
"31/5/17","South / St George","Wolli Creek","Apartment / Unit / Flat","852800","2163","112476","7.58","9.02","2","2","1","107"
"13/6/17","Inner West","Ashfield","House","1950000","1888","98176","19.86","8.08","3","1","4","405"
"16/6/17","Inner West","Ashfield","House","1390000","1888","98176","14.16","8.08","2","2","1","170"
"17/6/17","South / St George","Hurstville","House","1280000","1804","93808","13.64","14.81","3","1","3","674"
"23/6/17","Inner South","Waterloo","Apartment / Unit / Flat","942000","2028","105456","8.93","3.91","2","2","1","114"
"24/6/17","Inner South","Mascot","House","2470000","2254","117208","21.07","9.35","5","4","4","468"
"16/7/17","South / St George","Miranda","House","1690000","1920","99840","16.93","20.95","5","2","4","650"
"21/7/17","South / St George","Miranda","House","1305000","1920","99840","13.07","20.95","3","1","1","803"
"21/7/17","Inner South","Alexandria","Apartment / Unit / Flat","720000","2654","138008","5.22","5.06","1","1","1","91"
"25/7/17","South / St George","Miranda","House","1050000","1920","99840","10.52","20.95","3","1","1","298"
"26/7/17","South / St George","Miranda","Apartment / Unit / Flat","670000","1920","99840","6.71","20.95","2","1","1","111"
"31/7/17","Inner South","Alexandria","House","8300000","2654","138008","60.14","5.06","47","46","50","988"
"25/8/17","Inner West","Annandale","House","1950000","2683","139516","13.98","4.06","4","2","2","253"
"30/8/17","North Shore","Eastwood","House","1750000","1945","101140","17.3","14.34","3","1","2","696"
"15/9/17","CBD & Inner City","Surry Hills","Apartment / Unit / Flat","1450000","2308","120016","12.08","2.14","2","2","1","99"
"15/9/17","Inner West","Annandale","Apartment / Unit / Flat","591000","2683","139516","4.24","4.06","1","1","1","66"
"16/9/17","CBD & Inner City","Surry Hills","House","1170000","2308","120016","9.75","2.14","1","1","0","34"
"22/9/17","Inner West","Annandale","House","2660000","2683","139516","19.07","4.06","4","2","1","304"
"22/9/17","CBD & Inner City","Surry Hills","House","1650000","2308","120016","13.75","2.14","4","1","1","108"
"23/9/17","North Shore","Eastwood","House","1895000","1945","101140","18.74","14.34","3","2","1","512"
"23/9/17","Inner West","Annandale","House","1770000","2683","139516","12.69","4.06","3","1","0","221"
"24/9/17","Inner West","Annandale","House","2160000","2683","139516","15.48","4.06","4","2","1","171"
"2/10/17","CBD & Inner City","Ultimo","Apartment / Unit / Flat","645000","1805","93860","6.87","1.9","1","1","0","57"
"8/10/17","South / St George","Miranda","House","1100000","1920","99840","11.02","20.95","3","1","1","556"
"10/10/17","Inner West","Annandale","House","1670000","2683","139516","11.97","4.06","3","1","0","189"
"14/10/17","South / St George","Kogarah","House","2990000","1903","98956","30.22","13.34","4","1","3","533"
"16/10/17","North Shore","Carlingford","House","2900000","2084","108368","26.76","18.2","6","4","4","930"
"21/10/17","North Shore","Carlingford","House","1435000","2084","108368","13.24","18.2","4","3","2","986"
"28/10/17","North Shore","Carlingford","House","1410000","2084","108368","13.01","18.2","3","2","2","739"
"28/10/17","Inner South","Mascot","Apartment / Unit / Flat","755000","2254","117208","6.44","9.35","2","2","2","145"
"12/11/17","South / St George","Arncliffe","House","2000000","2046","106392","18.8","10.09","3","3","1","727"
"12/11/17","CBD & Inner City","Sydney","Apartment / Unit / Flat","560000","2227","115804","4.84","0.31","1","1","0","40"
"28/11/17","Inner South","Mascot","House","1200000","2254","117208","10.24","9.35","2","1","1","221"
"19/12/17","Inner West","Strathfield","House","2350000","2262","117624","19.98","12.01","5","3","2","701"
"22/12/17","CBD & Inner City","Sydney","Apartment / Unit / Flat","950000","2227","115804","8.2","0.31","2","1","0","97"
"17/1/18","Inner South","Mascot","House","2030000","2254","117208","17.32","9.35","5","3","3","437"
"22/2/18","Inner West","Burwood","Apartment / Unit / Flat","980000","1671","86892","11.28","9.9","2","2","1","138"
"24/2/18","Inner West","Strathfield","Apartment / Unit / Flat","650000","2262","117624","5.53","12.01","2","1","1","100"
"17/3/18","Inner West","Burwood","Apartment / Unit / Flat","880000","1671","86892","10.13","9.9","2","1","1","110"
"19/3/18","Inner West","Burwood","Apartment / Unit / Flat","1800000","1671","86892","20.72","9.9","3","2","3","2139"
"19/3/18","Inner South","Zetland","Apartment / Unit / Flat","927000","2192","113984","8.13","4.72","2","2","1","112"
"29/3/18","Inner South","Zetland","Apartment / Unit / Flat","945000","2192","113984","8.29","4.72","2","2","1","111"
"31/3/18","South / St George","Rockdale","House","1100000","1906","99112","11.1","11.79","3","1","1","314"
"14/5/18","Inner South","Zetland","Apartment / Unit / Flat","660000","2192","113984","5.79","4.72","1","1","0","68"
"19/5/18","Inner West","Marrickville","House","1325000","2170","112840","11.74","7.23","3","2","1","192"
"21/5/18","Inner West","Marrickville","Apartment / Unit / Flat","825000","2170","112840","7.31","7.23","2","2","1","116"
"22/5/18","Inner South","Zetland","Apartment / Unit / Flat","1440000","2192","113984","12.63","4.72","3","2","3","226"
"25/5/18","Western Sydney","Parramatta","House","1100000","2092","108784","10.11","19.44","3","1","3","695"
"26/5/18","Inner West","Marrickville","House","2431000","2170","112840","21.54","7.23","3","3","2","580"
"29/5/18","Inner South","Zetland","House","2000000","2192","113984","17.55","4.72","3","3","2","155"
"29/5/18","Inner West","Marrickville","Apartment / Unit / Flat","550000","2170","112840","4.87","7.23","2","1","0","62"
"31/5/18","Inner West","Marrickville","House","1525000","2170","112840","13.51","7.23","3","1","0","297"
"19/6/18","Inner West","Marrickville","House","1300000","2170","112840","11.52","7.23","2","1","0","202"
"13/7/18","South / St George","Hurstville","House","1350000","1804","93808","14.39","14.81","3","2","1","402"
"14/7/18","Inner West","Ashfield","Apartment / Unit / Flat","735000","1888","98176","7.49","8.08","2","2","2","128"
"14/7/18","Inner West","Ashfield","Apartment / Unit / Flat","630000","1888","98176","6.42","8.08","2","1","1","69"
"16/7/18","South / St George","Hurstville","House","1850000","1804","93808","19.72","14.81","6","3","1","776"
"21/7/18","South / St George","Hurstville","House","1890000","1804","93808","20.15","14.81","6","3","2","569"
"21/7/18","South / St George","Hurstville","Apartment / Unit / Flat","585000","1804","93808","6.24","14.81","1","1","1","91"
"20/8/18","South / St George","Hurstville","House","1200000","1804","93808","12.79","14.81","3","1","1","575"
"15/9/18","North Shore","Chatswood","House","1566000","2158","112216","13.96","8.15","3","2","1","575"
"21/9/18","North Shore","Chatswood","Apartment / Unit / Flat","1270000","2158","112216","11.32","8.15","3","2","2","308"
"28/9/18","North Shore","Artarmon","House","2380000","2420","125840","18.91","6.34","4","2","2","697"
"3/10/18","Inner West","Burwood","House","3400000","1671","86892","39.13","9.9","4","1","2","1373"
"11/10/18","North Shore","Epping","House","1201000","2243","116636","10.3","15.95","3","2","2","809"
"11/10/18","Inner South","Redfern","House","905000","2145","111540","8.11","3.12","2","1","0","57"
"12/10/18","South / St George","Miranda","House","1621000","1920","99840","16.24","20.95","5","2","3","872"
"17/10/18","North Shore","Chatswood","House","2310000","2158","112216","20.59","8.15","4","2","2","696"
"25/10/18","South / St George","Kogarah","House","1600000","1903","98956","16.17","13.34","4","3","3","430"
"26/10/18","North Shore","Chatswood","House","1580000","2158","112216","14.08","8.15","4","2","1","599"
"27/10/18","North Shore","Epping","House","2335000","2243","116636","20.02","15.95","5","4","2","730"
"27/10/18","North Shore","Epping","House","1805000","2243","116636","15.48","15.95","4","2","2","739"
"27/10/18","North Shore","Epping","House","1775000","2243","116636","15.22","15.95","3","1","3","766"
"27/10/18","North Shore","Epping","House","1452000","2243","116636","12.45","15.95","4","2","2","568"
"27/10/18","South / St George","Kogarah","House","1280000","1903","98956","12.94","13.34","3","1","1","494"
"1/11/18","CBD & Inner City","Sydney","Apartment / Unit / Flat","815000","2227","115804","7.04","0.31","1","1","0","69"
"12/11/18","South / St George","Miranda","Apartment / Unit / Flat","662000","1920","99840","6.63","20.95","2","2","1","146"
"13/11/18","North Shore","Epping","House","1320000","2243","116636","11.32","15.95","4","2","2","1069"
"14/11/18","North Shore","Chatswood","Apartment / Unit / Flat","1638000","2158","112216","14.6","8.15","2","2","1","125"
"17/11/18","North Shore","Epping","House","1710000","2243","116636","14.66","15.95","5","1","2","980"
"21/11/18","North Shore","Chatswood","Apartment / Unit / Flat","1042000","2158","112216","9.29","8.15","1","1","1","84"
"23/11/18","South / St George","Kogarah","House","1650000","1903","98956","16.67","13.34","4","3","4","698"
"26/11/18","North Shore","Chatswood","House","2985000","2158","112216","26.6","8.15","3","1","2","841"
"30/11/18","North Shore","Epping","House","1225000","2243","116636","10.5","15.95","4","2","2","752"
"14/12/18","South / St George","Miranda","House","980000","1920","99840","9.82","20.95","4","2","2","575"
"15/12/18","North Shore","Chatswood","House","2095000","2158","112216","18.67","8.15","4","2","1","424"
"15/12/18","South / St George","Kogarah","House","1020000","1903","98956","10.31","13.34","4","1","2","474"
"17/12/18","South / St George","Miranda","House","860000","1920","99840","8.61","20.95","3","1","1","581"
"13/2/19","Inner South","Redfern","Apartment / Unit / Flat","600000","2145","111540","5.38","3.12","1","1","1","43"
"14/2/19","Inner South","Alexandria","House","1875000","2654","138008","13.59","5.06","4","2","1","155"
"20/2/19","South / St George","Miranda","House","1090000","1920","99840","10.92","20.95","4","2","2","575"
"23/2/19","Inner South","Alexandria","House","1301000","2654","138008","9.43","5.06","2","2","1","137"
"25/2/19","Inner South","Redfern","House","1245000","2145","111540","11.16","3.12","2","1","0","89"
"26/2/19","Inner South","Alexandria","Apartment / Unit / Flat","760000","2654","138008","5.51","5.06","2","1","1","118"
"27/2/19","Inner South","Alexandria","Apartment / Unit / Flat","780000","2654","138008","5.65","5.06","2","2","1","127"
"28/2/19","South / St George","Kogarah","House","2000000","1903","98956","20.21","13.34","5","2","4","1152"
"16/3/19","Eastern Suburbs","Bondi","House","3738000","2546","132392","28.23","6.13","5","2","2","531"
"19/3/19","Eastern Suburbs","Bondi Junction","House","1450000","2379","123708","11.72","4.85","2","1","0","139"
"22/3/19","Eastern Suburbs","Bondi","House","1605000","2546","132392","12.12","6.13","2","1","0","190"
"23/3/19","North Shore","Carlingford","House","1315000","2084","108368","12.13","18.2","4","3","2","714"
"25/3/19","Inner South","Waterloo","Apartment / Unit / Flat","1150000","2028","105456","10.91","3.91","3","2","2","167"
"28/3/19","CBD & Inner City","Surry Hills","Apartment / Unit / Flat","660000","2308","120016","5.5","2.14","1","1","0","72"
"30/3/19","Eastern Suburbs","Bondi Junction","Apartment / Unit / Flat","750000","2379","123708","6.06","4.85","1","1","0","63"
"13/4/19","Western Sydney","Rhodes","House","4750000","2183","113516","41.84","11.87","4","3","3","1018"
"18/4/19","North Shore","Carlingford","House","1300000","2084","108368","12","18.2","4","3","2","720"
"18/4/19","North Shore","Carlingford","House","1101000","2084","108368","10.16","18.2","4","3","2","1105"
"18/4/19","North Shore","Carlingford","House","1100000","2084","108368","10.15","18.2","3","1","3","885"
"21/4/19","North Shore","Ryde","Apartment / Unit / Flat","833000","2024","105248","7.91","10.92","2","2","1","138"
"30/4/19","Inner South","Waterloo","Apartment / Unit / Flat","675000","2028","105456","6.4","3.91","1","1","1","77"
"13/5/19","North Shore","Ryde","House","1280000","2024","105248","12.16","10.92","5","3","2","898"
"15/5/19","North Shore","Ryde","House","2530000","2024","105248","24.04","10.92","6","4","2","854"
"20/5/19","North Shore","Ryde","House","1273300","2024","105248","12.1","10.92","5","2","1","771"
"24/5/19","Eastern Suburbs","Bondi Junction","House","4050000","2379","123708","32.74","4.85","7","4","3","790"
"15/6/19","Inner West","Marrickville","House","2100000","2170","112840","18.61","7.23","4","1","1","493"
"15/6/19","CBD & Inner City","Sydney","Apartment / Unit / Flat","1250000","2227","115804","10.79","0.31","2","2","1","128"
"17/6/19","CBD & Inner City","Sydney","Apartment / Unit / Flat","2404000","2227","115804","20.76","0.31","1","2","1","102"
"18/6/19","CBD & Inner City","Sydney","Apartment / Unit / Flat","3200000","2227","115804","27.63","0.31","3","3","2","166"
"19/6/19","Inner West","Marrickville","House","1025000","2170","112840","9.08","7.23","2","1","0","164"
"20/6/19","Inner West","Marrickville","Apartment / Unit / Flat","455000","2170","112840","4.03","7.23","1","1","0","46"
"21/6/19","Inner West","Marrickville","House","2550000","2170","112840","22.6","7.23","4","1","2","693"
"21/6/19","Inner West","Leichhardt","House","1220000","2673","138996","8.78","5.31","3","1","0","219"
"21/6/19","CBD & Inner City","Sydney","Apartment / Unit / Flat","1190000","2227","115804","10.28","0.31","2","2","1","122"
"26/6/19","Inner West","Leichhardt","House","1730000","2673","138996","12.45","5.31","4","3","1","190"
"28/6/19","Eastern Suburbs","Bondi","Apartment / Unit / Flat","1400000","2546","132392","10.57","6.13","2","1","1","98"
"16/7/19","Western Sydney","Parramatta","Apartment / Unit / Flat","725000","2092","108784","6.66","19.44","3","2","2","155"
"17/7/19","Inner West","Strathfield","Apartment / Unit / Flat","665000","2262","117624","5.65","12.01","2","2","1","145"
"20/7/19","Inner West","Leichhardt","House","1800000","2673","138996","12.95","5.31","3","1","8","423"
"20/7/19","North Shore","Eastwood","House","1486000","1945","101140","14.69","14.34","4","3","2","645"
"23/7/19","Inner West","Strathfield","House","2325000","2262","117624","19.77","12.01","4","2","2","645"
"23/7/19","Inner West","Strathfield","Apartment / Unit / Flat","800000","2262","117624","6.8","12.01","2","2","2","199"
"27/7/19","North Shore","Eastwood","House","1250000","1945","101140","12.36","14.34","3","1","1","620"
"27/7/19","Inner West","Strathfield","House","1210000","2262","117624","10.29","12.01","3","1","1","260"
"17/8/19","Inner West","Leichhardt","House","1920000","2673","138996","13.81","5.31","4","2","0","380"
"7/10/19","Inner West","Leichhardt","House","1083000","2673","138996","7.79","5.31","3","1","1","151"
"7/10/19","Western Sydney","Parramatta","House","730000","2092","108784","6.71","19.44","4","2","0","234"
"8/10/19","Inner West","Strathfield","House","3850000","2262","117624","32.73","12.01","5","6","6","697"
"18/10/19","North Shore","St Leonards","Apartment / Unit / Flat","660000","2475","128700","5.13","5","1","1","0","72"
"25/10/19","North Shore","Epping","Apartment / Unit / Flat","990000","2243","116636","8.49","15.95","3","2","2","209"
"5/11/19","Eastern Suburbs","Bondi Junction","House","1780000","2379","123708","14.39","4.85","3","1","2","216"
"5/11/19","Eastern Suburbs","Bondi Junction","Apartment / Unit / Flat","870000","2379","123708","7.03","4.85","1","1","1","77"
"16/11/19","North Shore","Artarmon","House","3253000","2420","125840","25.85","6.34","4","2","3","1467"
"3/12/19","North Shore","North Sydney","Apartment / Unit / Flat","1200000","2405","125060","9.6","3.16","2","2","1","109"
"4/12/19","North Shore","North Sydney","House","4000000","2405","125060","31.98","3.16","5","3","2","512"
"7/12/19","Western Sydney","Parramatta","Apartment / Unit / Flat","665000","2092","108784","6.11","19.44","2","2","1","114"
"14/12/19","South / St George","Arncliffe","Apartment / Unit / Flat","700000","2046","106392","6.58","10.09","2","2","1","139"
"25/1/20","South / St George","Wolli Creek","Apartment / Unit / Flat","740000","2163","112476","6.58","9.02","2","2","1","114"
"31/1/20","South / St George","Hurstville","House","1405000","1804","93808","14.98","14.81","4","3","1","470"
"15/2/20","Inner West","Ashfield","House","1650000","1888","98176","16.81","8.08","4","1","2","504"
"21/2/20","South / St George","Wolli Creek","Apartment / Unit / Flat","961000","2163","112476","8.54","9.02","2","2","1","119"
"21/2/20","South / St George","Wolli Creek","Apartment / Unit / Flat","760000","2163","112476","6.76","9.02","2","1","1","96"
"21/2/20","Inner West","Ashfield","Apartment / Unit / Flat","650000","1888","98176","6.62","8.08","2","1","0","69"
"22/2/20","Inner West","Ashfield","House","1900000","1888","98176","19.35","8.08","5","2","2","676"
"22/2/20","South / St George","Hurstville","House","1224000","1804","93808","13.05","14.81","3","1","1","457"
"27/2/20","Inner West","Annandale","House","3550000","2683","139516","25.45","4.06","5","2","2","552"
"28/2/20","CBD & Inner City","Sydney","Apartment / Unit / Flat","1885000","2227","115804","16.28","0.31","1","2","1","107"
"29/2/20","Inner West","Ashfield","House","1585000","1888","98176","16.14","8.08","2","1","2","285"
"13/3/20","North Shore","Ryde","House","1362500","2024","105248","12.95","10.92","2","1","2","866"
"15/3/20","South / St George","Miranda","House","1755000","1920","99840","17.58","20.95","4","3","2","935"
"19/3/20","CBD & Inner City","Surry Hills","House","2225000","2308","120016","18.54","2.14","3","1","1","108"
"20/3/20","CBD & Inner City","Surry Hills","House","1270000","2308","120016","10.58","2.14","2","1","0","70"
"23/3/20","CBD & Inner City","Surry Hills","House","2200000","2308","120016","18.33","2.14","3","2","0","124"
"25/3/20","South / St George","Miranda","Apartment / Unit / Flat","550000","1920","99840","5.51","20.95","1","1","1","153"
"23/4/20","Inner West","Annandale","House","1440000","2683","139516","10.32","4.06","3","2","0","103"
"23/4/20","North Shore","Carlingford","House","1225000","2084","108368","11.3","18.2","3","2","2","954"
"24/4/20","North Shore","Carlingford","House","1600000","2084","108368","14.76","18.2","4","2","2","879"
"24/4/20","North Shore","Carlingford","Apartment / Unit / Flat","562000","2084","108368","5.19","18.2","2","1","1","99"
"28/4/20","Inner South","Zetland","House","2200000","2192","113984","19.3","4.72","4","2","4","309"
"28/4/20","North Shore","Carlingford","House","1570000","2084","108368","14.49","18.2","5","2","3","734"
"30/4/20","North Shore","Carlingford","House","2050000","2084","108368","18.92","18.2","4","2","3","986"
"13/5/20","Inner West","Marrickville","House","2700000","2170","112840","23.93","7.23","4","1","4","1044"
"13/5/20","Inner West","Marrickville","House","1770000","2170","112840","15.69","7.23","4","2","0","252"
"15/5/20","Inner West","Annandale","House","1740000","2683","139516","12.47","4.06","3","2","0","145"
"16/5/20","Inner West","Marrickville","House","1435000","2170","112840","12.72","7.23","3","1","1","189"
"19/5/20","Inner West","Marrickville","House","1150000","2170","112840","10.19","7.23","2","1","1","138"
"21/5/20","Inner West","Annandale","House","3800000","2683","139516","27.24","4.06","4","2","1","519"
"22/5/20","Inner South","Mascot","House","2050000","2254","117208","17.49","9.35","3","1","1","594"
"26/5/20","North Shore","Carlingford","House","1330000","2084","108368","12.27","18.2","4","2","1","739"
"26/5/20","Inner West","Marrickville","Apartment / Unit / Flat","750000","2170","112840","6.65","7.23","2","1","1","99"
"27/5/20","Inner West","Marrickville","House","1335000","2170","112840","11.83","7.23","2","1","1","177"
"29/5/20","Inner West","Marrickville","House","2130000","2170","112840","18.88","7.23","4","2","1","518"
"30/5/20","Inner West","Annandale","House","1300000","2683","139516","9.32","4.06","2","1","0","265"
"31/5/20","North Shore","Carlingford","House","2258000","2084","108368","20.84","18.2","6","4","2","936"
"13/6/20","Inner South","Zetland","House","2597000","2192","113984","22.78","4.72","4","4","2","240"
"13/6/20","Inner West","Marrickville","House","965000","2170","112840","8.55","7.23","2","1","0","110"
"16/6/20","Western Sydney","Parramatta","Apartment / Unit / Flat","505000","2092","108784","4.64","19.44","1","1","1","87"
"19/6/20","North Shore","St Leonards","Apartment / Unit / Flat","4550000","2475","128700","35.35","5","3","3","3","253"
"19/6/20","North Shore","Chatswood","House","1880000","2158","112216","16.75","8.15","4","2","3","758"
"27/6/20","Inner South","Mascot","House","2170000","2254","117208","18.51","9.35","4","3","2","392"
"27/6/20","Inner South","Mascot","House","1580000","2254","117208","13.48","9.35","3","1","4","467"
"27/6/20","Western Sydney","Parramatta","Apartment / Unit / Flat","330000","2092","108784","3.03","19.44","1","1","1","61"
"30/6/20","Inner South","Mascot","House","1625000","2254","117208","13.86","9.35","4","2","2","198"
"30/6/20","Inner South","Mascot","Apartment / Unit / Flat","830000","2254","117208","7.08","9.35","3","1","1","115"
"16/7/20","Inner South","Zetland","Apartment / Unit / Flat","680000","2192","113984","5.97","4.72","1","1","0","61"
"17/7/20","North Shore","Chatswood","House","1870000","2158","112216","16.66","8.15","4","1","2","645"
"17/7/20","North Shore","Chatswood","House","1870000","2158","112216","16.66","8.15","4","1","0","645"
"20/7/20","South / St George","Arncliffe","House","2014000","2046","106392","18.93","10.09","4","2","2","1385"
"14/8/20","Inner West","Strathfield","House","4500000","2262","117624","38.26","12.01","5","5","2","771"
"15/8/20","Inner West","Strathfield","House","2693000","2262","117624","22.89","12.01","7","4","4","774"
"18/8/20","Inner West","Strathfield","Apartment / Unit / Flat","650000","2262","117624","5.53","12.01","2","2","1","119"
"22/8/20","Inner West","Strathfield","House","2925000","2262","117624","24.87","12.01","4","2","2","651"
"24/8/20","Inner West","Strathfield","House","2645000","2262","117624","22.49","12.01","5","2","2","815"
"25/8/20","Inner West","Strathfield","House","2700000","2262","117624","22.95","12.01","5","2","2","752"
"28/8/20","Western Sydney","Rhodes","House","2470000","2183","113516","21.76","11.87","5","2","8","765"
"29/8/20","Inner West","Strathfield","House","2826888","2262","117624","24.03","12.01","4","1","4","650"
"29/8/20","Inner West","Strathfield","House","1450000","2262","117624","12.33","12.01","3","1","2","505"
"18/9/20","Inner South","Redfern","Apartment / Unit / Flat","805000","2145","111540","7.22","3.12","1","1","1","69"
"19/9/20","Inner South","Redfern","Apartment / Unit / Flat","865000","2145","111540","7.76","3.12","2","2","1","109"
"24/9/20","North Shore","Artarmon","House","3910000","2420","125840","31.07","6.34","4","3","1","620"
"25/9/20","Inner South","Mascot","House","2045000","2254","117208","17.45","9.35","4","4","2","419"
"25/9/20","South / St George","Rockdale","House","1200000","1906","99112","12.11","11.79","2","1","1","490"
"26/9/20","CBD & Inner City","Sydney","Apartment / Unit / Flat","1110000","2227","115804","9.59","0.31","2","2","1","119"
"26/9/20","South / St George","Rockdale","Apartment / Unit / Flat","675000","1906","99112","6.81","11.79","2","1","3","121"
"26/9/20","South / St George","Rockdale","Apartment / Unit / Flat","580000","1906","99112","5.85","11.79","2","1","1","103"
"28/9/20","Inner South","Redfern","Apartment / Unit / Flat","1300000","2145","111540","11.66","3.12","2","2","1","113"
"29/9/20","CBD & Inner City","Sydney","Apartment / Unit / Flat","3700000","2227","115804","31.95","0.31","4","3","2","226"
"6/10/20","North Shore","Artarmon","House","3530000","2420","125840","28.05","6.34","5","3","2","695"
"7/10/20","North Shore","Chatswood","House","3050000","2158","112216","27.18","8.15","5","4","1","556"
"7/10/20","North Shore","Chatswood","House","2200000","2158","112216","19.61","8.15","4","2","2","923"
"8/10/20","Inner West","Strathfield","House","3400000","2262","117624","28.91","12.01","5","2","2","670"
"10/10/20","South / St George","Rockdale","Apartment / Unit / Flat","581000","1906","99112","5.86","11.79","2","1","1","117"
"14/10/20","North Shore","Epping","House","2265000","2243","116636","19.42","15.95","5","2","2","700"
"14/10/20","Inner South","Redfern","Apartment / Unit / Flat","430000","2145","111540","3.86","3.12","1","1","0","47"
"15/10/20","Inner South","Redfern","House","1485000","2145","111540","13.31","3.12","3","2","1","114"
"16/10/20","North Shore","Artarmon","House","2100000","2420","125840","16.69","6.34","4","1","4","1031"
"16/10/20","North Shore","Epping","House","1720000","2243","116636","14.75","15.95","2","1","3","708"
"17/10/20","South / St George","Rockdale","House","1600000","1906","99112","16.14","11.79","5","2","3","736"
"18/10/20","North Shore","Epping","House","1520000","2243","116636","13.03","15.95","4","2","2","809"
"22/10/20","Western Sydney","Rhodes","House","5611000","2183","113516","49.43","11.87","4","3","4","1088"
"22/10/20","CBD & Inner City","Sydney","Apartment / Unit / Flat","1065000","2227","115804","9.2","0.31","2","2","1","116"
"24/10/20","Inner South","Redfern","House","2220000","2145","111540","19.9","3.12","4","2","1","133"
"24/10/20","North Shore","Epping","House","1922000","2243","116636","16.48","15.95","4","2","4","841"
"24/10/20","Inner South","Redfern","House","1550000","2145","111540","13.9","3.12","3","2","1","176"
"24/10/20","Inner South","Redfern","House","1236000","2145","111540","11.08","3.12","3","1","0","76"
"24/10/20","South / St George","Kogarah","Apartment / Unit / Flat","1050000","1903","98956","10.61","13.34","4","3","2","253"
"26/10/20","South / St George","Arncliffe","House","2600000","2046","106392","24.44","10.09","4","3","2","500"
"26/10/20","CBD & Inner City","Sydney","Apartment / Unit / Flat","1675000","2227","115804","14.46","0.31","3","2","2","152"
"27/10/20","North Shore","North Sydney","House","3045000","2405","125060","24.35","3.16","3","1","2","537"
"31/10/20","CBD & Inner City","Sydney","Apartment / Unit / Flat","1460000","2227","115804","12.61","0.31","2","2","1","108"
"31/10/20","South / St George","Kogarah","House","1410000","1903","98956","14.25","13.34","5","2","3","578"
"9/11/20","South / St George","Rockdale","House","835000","1906","99112","8.42","11.79","3","1","0","271"
"13/11/20","Inner South","Alexandria","Apartment / Unit / Flat","760000","2654","138008","5.51","5.06","1","1","1","154"
"13/11/20","CBD & Inner City","Sydney","Apartment / Unit / Flat","550000","2227","115804","4.75","0.31","1","1","0","46"
"14/11/20","North Shore","Artarmon","House","3230000","2420","125840","25.67","6.34","3","1","1","864"
"20/11/20","Inner South","Alexandria","Apartment / Unit / Flat","640000","2654","138008","4.64","5.06","1","1","1","88"
"21/11/20","Inner South","Alexandria","House","2275000","2654","138008","16.48","5.06","4","2","0","232"
"25/11/20","North Shore","North Sydney","House","2100000","2405","125060","16.79","3.16","3","1","0","181"
"26/11/20","Inner South","Alexandria","Apartment / Unit / Flat","695000","2654","138008","5.04","5.06","1","1","0","90"
"27/11/20","Inner South","Zetland","House","2250000","2192","113984","19.74","4.72","4","1","1","149"
"27/11/20","Inner South","Alexandria","Apartment / Unit / Flat","910000","2654","138008","6.59","5.06","2","2","1","167"
"28/11/20","CBD & Inner City","Ultimo","Apartment / Unit / Flat","1225000","1805","93860","13.05","1.9","3","2","2","143"
"30/11/20","North Shore","Ryde","Apartment / Unit / Flat","1105000","2024","105248","10.5","10.92","2","2","2","116"
"5/12/20","North Shore","Carlingford","House","2161000","2084","108368","19.94","18.2","5","3","2","789"
"6/12/20","Inner South","Mascot","House","1650000","2254","117208","14.08","9.35","5","2","4","678"
"6/12/20","Inner West","Marrickville","House","1412000","2170","112840","12.51","7.23","2","1","2","254"
"9/12/20","South / St George","Rockdale","House","1420000","1906","99112","14.33","11.79","5","2","3","761"
"11/12/20","Inner South","Alexandria","Apartment / Unit / Flat","645000","2654","138008","4.67","5.06","1","1","0","83"
"16/12/20","Inner West","Leichhardt","House","2121000","2673","138996","15.26","5.31","4","3","2","348"
"18/12/20","CBD & Inner City","Ultimo","Apartment / Unit / Flat","1160000","1805","93860","12.36","1.9","2","2","1","124"
"23/12/20","Inner West","Burwood","House","2300000","1671","86892","26.47","9.9","5","3","5","1050"
"23/12/20","Inner West","Burwood","House","1830000","1671","86892","21.06","9.9","3","2","0","303"
"14/1/21","South / St George","Wolli Creek","Apartment / Unit / Flat","1195000","2163","112476","10.62","9.02","4","2","2","213"
"15/1/21","Inner South","Waterloo","Apartment / Unit / Flat","631000","2028","105456","5.98","3.91","1","1","0","71"
"19/1/21","Inner South","Mascot","House","2075000","2254","117208","17.7","9.35","6","4","2","419"
"21/1/21","Inner West","Leichhardt","House","1925000","2673","138996","13.85","5.31","4","4","1","190"
"21/1/21","South / St George","Wolli Creek","Apartment / Unit / Flat","1200000","2163","112476","10.67","9.02","3","2","2","284"
"30/1/21","Inner West","Burwood","Apartment / Unit / Flat","844000","1671","86892","9.71","9.9","2","1","1","138"
"13/2/21","Western Sydney","Rhodes","House","3410000","2183","113516","30.04","11.87","5","3","2","393"
"13/2/21","Western Sydney","Rhodes","House","3320000","2183","113516","29.25","11.87","5","3","2","393"
"13/2/21","Inner West","Leichhardt","House","1390000","2673","138996","10","5.31","3","2","1","182"
"13/2/21","North Shore","Eastwood","Apartment / Unit / Flat","660000","1945","101140","6.53","14.34","1","1","1","77"
"15/2/21","Western Sydney","Rhodes","House","3410000","2183","113516","30.04","11.87","5","3","2","393"
"17/2/21","Inner West","Leichhardt","House","1856000","2673","138996","13.35","5.31","4","2","0","314"
"18/2/21","North Shore","Eastwood","House","2595000","1945","101140","25.66","14.34","4","2","1","1391"
"18/2/21","CBD & Inner City","Surry Hills","House","1640000","2308","120016","13.66","2.14","1","2","1","58"
"19/2/21","Inner West","Leichhardt","House","1675000","2673","138996","12.05","5.31","3","1","0","221"
"19/2/21","Inner West","Leichhardt","Apartment / Unit / Flat","950000","2673","138996","6.83","5.31","2","2","1","107"
"20/2/21","North Shore","St Leonards","House","3050000","2475","128700","23.7","5","4","2","1","436"
"20/2/21","North Shore","Eastwood","House","3000000","1945","101140","29.66","14.34","5","5","2","1010"
"20/2/21","North Shore","Eastwood","House","2600000","1945","101140","25.71","14.34","6","6","2","675"
"20/2/21","North Shore","Eastwood","House","2172000","1945","101140","21.48","14.34","4","2","3","1176"
"25/2/21","Eastern Suburbs","Bondi","House","2700000","2546","132392","20.39","6.13","3","1","0","260"
"25/2/21","Inner West","Ashfield","House","1700000","1888","98176","17.32","8.08","2","2","2","412"
"26/2/21","South / St George","Hurstville","House","2430000","1804","93808","25.9","14.81","6","3","4","520"
"27/2/21","CBD & Inner City","Sydney","Apartment / Unit / Flat","3615000","2227","115804","31.22","0.31","3","2","2","187"
"27/2/21","North Shore","Eastwood","House","2280000","1945","101140","22.54","14.34","4","2","1","1081"
"27/2/21","North Shore","Eastwood","House","2100000","1945","101140","20.76","14.34","4","2","2","784"
"13/3/21","North Shore","Artarmon","House","2922000","2420","125840","23.22","6.34","3","1","2","847"
"13/3/21","Inner West","Ashfield","Apartment / Unit / Flat","760000","1888","98176","7.74","8.08","2","2","1","99"
"19/3/21","Inner South","Alexandria","House","2460000","2654","138008","17.83","5.06","4","2","2","148"
"21/3/21","South / St George","Hurstville","House","1800000","1804","93808","19.19","14.81","4","2","4","512"
"22/3/21","CBD & Inner City","Ultimo","House","1690000","1805","93860","18.01","1.9","4","2","0","101"
"25/3/21","North Shore","Carlingford","Apartment / Unit / Flat","572000","2084","108368","5.28","18.2","2","1","1","97"
"26/3/21","North Shore","North Sydney","House","3950000","2405","125060","31.58","3.16","4","2","2","484"
"26/3/21","Inner West","Marrickville","House","2210000","2170","112840","19.59","7.23","4","3","2","468"
"26/3/21","North Shore","Carlingford","House","1412000","2084","108368","13.03","18.2","4","2","2","695"
"27/3/21","Inner West","Marrickville","House","2280000","2170","112840","20.21","7.23","4","2","1","366"
"27/3/21","Inner West","Ashfield","House","2120000","1888","98176","21.59","8.08","4","2","1","464"
"28/3/21","North Shore","Carlingford","House","1470000","2084","108368","13.56","18.2","6","2","2","822"
"30/3/21","South / St George","Miranda","House","1671000","1920","99840","16.74","20.95","4","2","2","697"
"30/3/21","Inner West","Marrickville","House","1540000","2170","112840","13.65","7.23","3","1","1","171"
"31/3/21","Eastern Suburbs","Bondi","House","3600000","2546","132392","27.19","6.13","4","2","1","195"
"31/3/21","Inner West","Marrickville","House","2300000","2170","112840","20.38","7.23","4","2","1","320"
"31/3/21","South / St George","Miranda","House","1320000","1920","99840","13.22","20.95","4","2","4","795"
"31/3/21","South / St George","Miranda","House","1170000","1920","99840","11.72","20.95","2","2","2","569"
"14/4/21","Inner West","Marrickville","House","2641000","2170","112840","23.4","7.23","3","1","3","591"
"14/4/21","Inner West","Marrickville","House","1580000","2170","112840","14","7.23","2","1","0","167"
"15/4/21","Western Sydney","Rhodes","Apartment / Unit / Flat","865000","2183","113516","7.62","11.87","2","2","1","107"
"16/4/21","CBD & Inner City","Ultimo","Apartment / Unit / Flat","1000000","1805","93860","10.65","1.9","2","2","1","197"
"17/4/21","Western Sydney","Rhodes","House","2191000","2183","113516","19.3","11.87","5","3","2","637"
"17/4/21","Inner West","Ashfield","House","2000000","1888","98176","20.37","8.08","3","1","1","520"
"21/4/21","South / St George","Miranda","House","2540000","1920","99840","25.44","20.95","5","2","2","582"
"21/4/21","North Shore","St Leonards","Apartment / Unit / Flat","2400000","2475","128700","18.65","5","3","2","2","223"
"24/4/21","South / St George","Hurstville","House","2151000","1804","93808","22.93","14.81","5","3","2","832"
"28/4/21","South / St George","Miranda","House","2000000","1920","99840","20.03","20.95","5","2","2","733"
"13/5/21","Inner West","Strathfield","House","1585000","2262","117624","13.48","12.01","3","1","2","436"
"14/5/21","Inner West","Strathfield","House","2900000","2262","117624","24.65","12.01","7","4","2","607"
"14/5/21","Inner West","Strathfield","House","1700000","2262","117624","14.45","12.01","3","2","1","352"
"15/5/21","Western Sydney","Parramatta","House","1205000","2092","108784","11.08","19.44","3","1","1","423"
"18/5/21","Eastern Suburbs","Bondi","House","5500000","2546","132392","41.54","6.13","4","3","1","228"
"26/5/21","North Shore","North Sydney","House","3400000","2405","125060","27.19","3.16","4","3","2","295"
"28/5/21","South / St George","Wolli Creek","Apartment / Unit / Flat","1050000","2163","112476","9.34","9.02","3","2","2","147"
"29/5/21","South / St George","Arncliffe","House","2885000","2046","106392","27.12","10.09","4","3","2","1100"
"29/5/21","North Shore","Epping","House","2430000","2243","116636","20.83","15.95","3","1","2","759"
"29/5/21","Inner South","Mascot","House","2340000","2254","117208","19.96","9.35","5","3","4","440"
"29/5/21","North Shore","Epping","House","2155000","2243","116636","18.48","15.95","4","3","2","696"
"29/5/21","Inner South","Mascot","House","2085000","2254","117208","17.79","9.35","3","1","3","391"
"31/5/21","Inner South","Mascot","House","2400000","2254","117208","20.48","9.35","6","4","2","255"
"15/6/21","Eastern Suburbs","Bondi Junction","House","4880000","2379","123708","39.45","4.85","5","3","2","418"
"15/6/21","Inner West","Ashfield","House","2860000","1888","98176","29.13","8.08","4","2","3","411"
"19/6/21","Inner West","Ashfield","House","2100000","1888","98176","21.39","8.08","3","1","2","468"
"22/6/21","Inner South","Redfern","House","2025000","2145","111540","18.15","3.12","3","3","1","134"
"22/6/21","North Shore","Eastwood","House","1700000","1945","101140","16.81","14.34","3","1","1","461"
"24/6/21","South / St George","Miranda","House","2900000","1920","99840","29.05","20.95","4","4","2","803"
"25/6/21","South / St George","Miranda","House","2400000","1920","99840","24.04","20.95","5","3","2","613"
"25/6/21","South / St George","Rockdale","House","1726880","1906","99112","17.42","11.79","3","2","1","251"
"26/6/21","Inner West","Burwood","House","3120000","1671","86892","35.91","9.9","4","2","2","550"
"26/6/21","CBD & Inner City","Sydney","Apartment / Unit / Flat","2269000","2227","115804","19.59","0.31","2","2","1","129"
"26/6/21","South / St George","Rockdale","House","1385000","1906","99112","13.97","11.79","2","1","1","283"
"28/6/21","South / St George","Rockdale","House","1225000","1906","99112","12.36","11.79","3","1","1","240"
"13/7/21","Inner South","Waterloo","House","2300000","2028","105456","21.81","3.91","3","2","0","253"
"15/7/21","North Shore","Chatswood","House","3150000","2158","112216","28.07","8.15","3","2","2","582"
"15/7/21","South / St George","Arncliffe","House","2100000","2046","106392","19.74","10.09","4","3","2","626"
"20/7/21","North Shore","Chatswood","House","4560000","2158","112216","40.64","8.15","5","5","5","1547"
"20/7/21","Inner South","Alexandria","House","2550000","2654","138008","18.48","5.06","4","2","0","178"
"20/7/21","Inner West","Ashfield","House","2300000","1888","98176","23.43","8.08","5","2","2","620"
"20/7/21","CBD & Inner City","Surry Hills","House","2220000","2308","120016","18.5","2.14","3","2","1","85"
"22/7/21","CBD & Inner City","Ultimo","House","1225000","1805","93860","13.05","1.9","2","1","0","57"
"24/7/21","South / St George","Rockdale","House","1693000","1906","99112","17.08","11.79","4","1","2","639"
"26/7/21","CBD & Inner City","Sydney","Apartment / Unit / Flat","2150000","2227","115804","18.57","0.31","2","2","1","104"
"28/7/21","CBD & Inner City","Sydney","Apartment / Unit / Flat","3151000","2227","115804","27.21","0.31","2","2","1","130"
"28/7/21","South / St George","Kogarah","House","1890000","1903","98956","19.1","13.34","5","2","2","429"
"29/7/21","South / St George","Wolli Creek","Apartment / Unit / Flat","1320000","2163","112476","11.74","9.02","3","2","2","183"
"30/7/21","Western Sydney","Parramatta","House","1900000","2092","108784","17.47","19.44","6","2","2","607"
"14/8/21","Inner South","Zetland","House","2301000","2192","113984","20.19","4.72","4","2","1","159"
"14/8/21","Inner West","Annandale","House","1631000","2683","139516","11.69","4.06","2","1","0","114"
"16/8/21","South / St George","Arncliffe","House","2020000","2046","106392","18.99","10.09","5","2","2","967"
"18/8/21","South / St George","Rockdale","House","1950000","1906","99112","19.67","11.79","5","4","2","550"
"18/8/21","Inner West","Ashfield","House","1930000","1888","98176","19.66","8.08","2","2","2","411"
"20/8/21","Inner West","Burwood","Apartment / Unit / Flat","1560000","1671","86892","17.95","9.9","3","2","2","154"
"20/8/21","South / St George","Hurstville","House","1290000","1804","93808","13.75","14.81","3","4","2","460"
"21/8/21","North Shore","Chatswood","House","3305000","2158","112216","29.45","8.15","4","1","2","563"
"21/8/21","Eastern Suburbs","Bondi Junction","House","3300000","2379","123708","26.68","4.85","4","2","1","120"
"21/8/21","North Shore","Eastwood","House","1881000","1945","101140","18.6","14.34","5","2","3","462"
"25/8/21","CBD & Inner City","Sydney","Apartment / Unit / Flat","3500000","2227","115804","30.22","0.31","4","3","2","252"
"25/8/21","Inner South","Redfern","House","2050000","2145","111540","18.38","3.12","4","2","1","126"
"28/8/21","Western Sydney","Parramatta","Apartment / Unit / Flat","1250000","2092","108784","11.49","19.44","2","1","1","2587"
"31/8/21","Inner South","Mascot","House","2150000","2254","117208","18.34","9.35","4","3","1","311"
"31/8/21","Eastern Suburbs","Bondi Junction","House","1760000","2379","123708","14.23","4.85","2","1","1","120"
"13/9/21","Inner South","Mascot","House","1900000","2254","117208","16.21","9.35","3","1","3","348"
"14/9/21","North Shore","Chatswood","House","2800000","2158","112216","24.95","8.15","3","2","0","926"
"14/9/21","Eastern Suburbs","Bondi Junction","Apartment / Unit / Flat","1985000","2379","123708","16.05","4.85","3","2","2","195"
"14/9/21","Eastern Suburbs","Bondi Junction","Apartment / Unit / Flat","1300000","2379","123708","10.51","4.85","2","2","1","120"
"15/9/21","Inner West","Annandale","House","2850000","2683","139516","20.43","4.06","3","1","0","253"
"16/9/21","North Shore","Chatswood","House","5950000","2158","112216","53.02","8.15","5","2","2","657"
"17/9/21","CBD & Inner City","Surry Hills","House","2240000","2308","120016","18.66","2.14","3","1","0","97"
"18/9/21","North Shore","Chatswood","Apartment / Unit / Flat","1350000","2158","112216","12.03","8.15","3","2","2","160"
"20/9/21","Inner West","Leichhardt","House","2250000","2673","138996","16.19","5.31","3","3","1","120"
"20/9/21","South / St George","Miranda","House","2135000","1920","99840","21.38","20.95","5","2","2","563"
"21/9/21","CBD & Inner City","Ultimo","Apartment / Unit / Flat","1150000","1805","93860","12.25","1.9","2","2","2","120"
"22/9/21","Inner South","Redfern","House","2950000","2145","111540","26.45","3.12","3","2","1","118"
"23/9/21","Inner West","Leichhardt","House","2700000","2673","138996","19.43","5.31","3","2","0","183"
"23/9/21","Inner West","Marrickville","House","2000000","2170","112840","17.72","7.23","3","1","1","417"
"23/9/21","South / St George","Arncliffe","House","1540000","2046","106392","14.47","10.09","3","2","2","376"
"23/9/21","Inner South","Waterloo","House","1190000","2028","105456","11.28","3.91","2","1","0","76"
"24/9/21","North Shore","St Leonards","Apartment / Unit / Flat","1756000","2475","128700","13.64","5","2","2","1","123"
"25/9/21","Inner South","Redfern","House","2700000","2145","111540","24.21","3.12","3","1","1","127"
"25/9/21","South / St George","Miranda","House","2200000","1920","99840","22.04","20.95","4","3","4","588"
"25/9/21","South / St George","Rockdale","House","1780000","1906","99112","17.96","11.79","3","1","2","466"
"25/9/21","CBD & Inner City","Ultimo","Apartment / Unit / Flat","1463000","1805","93860","15.59","1.9","2","2","2","129"
"27/9/21","Eastern Suburbs","Bondi","House","4800000","2546","132392","36.26","6.13","4","2","0","374"
"27/9/21","CBD & Inner City","Surry Hills","House","3050000","2308","120016","25.41","2.14","3","1","0","114"
"28/9/21","Inner South","Alexandria","House","2270000","2654","138008","16.45","5.06","4","2","1","132"
"29/9/21","Inner West","Annandale","House","4050000","2683","139516","29.03","4.06","4","2","1","329"
"29/9/21","Eastern Suburbs","Bondi Junction","House","3790000","2379","123708","30.64","4.85","4","2","1","222"
"29/9/21","Western Sydney","Rhodes","House","2811000","2183","113516","24.76","11.87","3","2","2","695"
"29/9/21","South / St George","Arncliffe","House","1260800","2046","106392","11.85","10.09","3","1","3","244"
"30/9/21","Eastern Suburbs","Bondi","House","2910000","2546","132392","21.98","6.13","3","1","0","183"
"30/9/21","South / St George","Arncliffe","House","2250000","2046","106392","21.15","10.09","6","3","2","705"
"3/10/21","Inner West","Ashfield","Apartment / Unit / Flat","850000","1888","98176","8.66","8.08","2","2","1","111"
"4/10/21","South / St George","Kogarah","House","3550000","1903","98956","35.87","13.34","3","2","3","500"
"4/10/21","South / St George","Miranda","House","1905000","1920","99840","19.08","20.95","5","3","3","556"
"4/10/21","South / St George","Miranda","House","1330000","1920","99840","13.32","20.95","4","2","2","822"
"5/10/21","Inner West","Strathfield","House","3950000","2262","117624","33.58","12.01","6","3","3","847"
"7/10/21","North Shore","Ryde","House","3003000","2024","105248","28.53","10.92","5","3","2","493"
"7/10/21","South / St George","Miranda","House","2050000","1920","99840","20.53","20.95","4","3","2","841"
"7/10/21","North Shore","Ryde","House","1501500","2024","105248","14.27","10.92","2","2","2","601"
"8/10/21","Western Sydney","Parramatta","House","1525000","2092","108784","14.02","19.44","4","3","2","369"
"9/10/21","CBD & Inner City","Surry Hills","House","3225000","2308","120016","26.87","2.14","4","4","1","152"
"9/10/21","Inner West","Annandale","House","2110000","2683","139516","15.12","4.06","2","1","0","184"
"12/10/21","Inner West","Strathfield","House","3800000","2262","117624","32.31","12.01","6","4","3","1062"
"12/10/21","Inner West","Leichhardt","House","1730000","2673","138996","12.45","5.31","3","1","0","250"
"12/10/21","Western Sydney","Parramatta","House","1500000","2092","108784","13.79","19.44","3","2","2","588"
"13/10/21","North Shore","Carlingford","House","2650000","2084","108368","24.45","18.2","4","2","2","936"
"13/10/21","CBD & Inner City","Sydney","Apartment / Unit / Flat","1185000","2227","115804","10.23","0.31","1","1","1","88"
"14/10/21","Inner West","Marrickville","House","2230000","2170","112840","19.76","7.23","4","2","1","372"
"15/10/21","Inner West","Leichhardt","House","2630000","2673","138996","18.92","5.31","4","1","1","340"
"15/10/21","Inner South","Mascot","House","1500000","2254","117208","12.8","9.35","3","1","0","289"
"17/10/21","South / St George","Miranda","House","2040000","1920","99840","20.43","20.95","4","2","1","556"
"20/10/21","Inner West","Leichhardt","House","2615000","2673","138996","18.81","5.31","3","2","0","216"
"22/10/21","Inner West","Ashfield","House","2360000","1888","98176","24.04","8.08","4","2","2","373"
"22/10/21","Inner South","Waterloo","Apartment / Unit / Flat","1700000","2028","105456","16.12","3.91","2","2","1","195"
"23/10/21","CBD & Inner City","Surry Hills","House","2950000","2308","120016","24.58","2.14","3","2","1","114"
"25/10/21","Inner South","Redfern","House","2500000","2145","111540","22.41","3.12","4","2","2","135"
"25/10/21","Inner South","Mascot","House","1826000","2254","117208","15.58","9.35","2","2","1","253"
"26/10/21","Inner West","Marrickville","House","3500000","2170","112840","31.02","7.23","4","2","1","259"
"26/10/21","Inner West","Marrickville","House","2275000","2170","112840","20.16","7.23","4","2","0","240"
"26/10/21","North Shore","Ryde","House","2000000","2024","105248","19","10.92","3","2","2","670"
"26/10/21","Inner South","Redfern","House","2000000","2145","111540","17.93","3.12","3","2","0","146"
"26/10/21","Inner South","Redfern","House","1950000","2145","111540","17.48","3.12","2","1","0","134"
"27/10/21","CBD & Inner City","Sydney","Apartment / Unit / Flat","1280000","2227","115804","11.05","0.31","2","2","2","135"
"28/10/21","Inner West","Leichhardt","House","1225000","2673","138996","8.81","5.31","1","1","0","101"
"29/10/21","Inner South","Mascot","House","1975000","2254","117208","16.85","9.35","4","2","1","436"
"29/10/21","CBD & Inner City","Surry Hills","House","1790000","2308","120016","14.91","2.14","3","2","0","53"
"29/10/21","Inner West","Leichhardt","House","1303000","2673","138996","9.37","5.31","2","1","0","181"
"29/10/21","CBD & Inner City","Sydney","Apartment / Unit / Flat","1300000","2227","115804","11.23","0.31","2","2","2","137"
"30/10/21","North Shore","Chatswood","House","3550000","2158","112216","31.64","8.15","4","2","1","512"
"30/10/21","South / St George","Hurstville","House","3100000","1804","93808","33.05","14.81","7","5","2","529"
"30/10/21","Inner West","Annandale","House","2650000","2683","139516","18.99","4.06","3","2","2","221"
"30/10/21","Inner West","Marrickville","House","2205000","2170","112840","19.54","7.23","4","1","2","354"
"30/10/21","South / St George","Kogarah","House","1940000","1903","98956","19.6","13.34","3","1","2","469"
"30/10/21","South / St George","Hurstville","House","1760000","1804","93808","18.76","14.81","3","2","2","594"
"30/10/21","South / St George","Kogarah","House","1755000","1903","98956","17.74","13.34","3","1","0","411"
"2/11/21","Inner West","Leichhardt","House","1280000","2673","138996","9.21","5.31","2","1","0","135"
"5/11/21","North Shore","North Sydney","Apartment / Unit / Flat","4187700","2405","125060","33.49","3.16","3","3","2","168"
"6/11/21","Inner South","Alexandria","House","2200000","2654","138008","15.94","5.06","4","2","0","127"
"6/11/21","North Shore","Epping","House","2070000","2243","116636","17.75","15.95","3","1","1","663"
"9/11/21","North Shore","Chatswood","House","3500000","2158","112216","31.19","8.15","4","3","2","696"
"9/11/21","South / St George","Hurstville","House","3215000","1804","93808","34.27","14.81","6","5","2","603"
"9/11/21","CBD & Inner City","Surry Hills","House","3015000","2308","120016","25.12","2.14","2","1","1","162"
"9/11/21","South / St George","Kogarah","House","1475000","1903","98956","14.91","13.34","3","2","2","462"
"10/11/21","Inner West","Annandale","House","2600000","2683","139516","18.64","4.06","3","1","1","240"
"11/11/21","CBD & Inner City","Sydney","Apartment / Unit / Flat","1270000","2227","115804","10.97","0.31","2","2","1","116"
"11/11/21","South / St George","Wolli Creek","Apartment / Unit / Flat","1036000","2163","112476","9.21","9.02","3","2","2","149"
"12/11/21","North Shore","Epping","House","3000000","2243","116636","25.72","15.95","5","2","1","721"
"12/11/21","Inner West","Annandale","House","2760000","2683","139516","19.78","4.06","4","2","1","247"
"12/11/21","North Shore","Eastwood","House","2701000","1945","101140","26.71","14.34","4","1","1","632"
"12/11/21","Inner West","Burwood","House","2700000","1671","86892","31.07","9.9","6","3","2","538"
"12/11/21","North Shore","Eastwood","House","2250000","1945","101140","22.25","14.34","3","1","1","575"
"12/11/21","South / St George","Hurstville","House","2215000","1804","93808","23.61","14.81","4","2","2","506"
"12/11/21","Inner West","Annandale","House","2120000","2683","139516","15.2","4.06","3","2","0","152"
"12/11/21","Inner West","Burwood","House","1960000","1671","86892","22.56","9.9","3","2","2","334"
"12/11/21","Inner West","Marrickville","House","1675000","2170","112840","14.84","7.23","3","1","0","234"
"12/11/21","North Shore","Carlingford","House","1433000","2084","108368","13.22","18.2","3","1","1","664"
"12/11/21","South / St George","Kogarah","House","1402000","1903","98956","14.17","13.34","3","1","0","324"
"12/11/21","South / St George","Kogarah","House","1320000","1903","98956","13.34","13.34","3","1","3","283"
"12/11/21","Inner South","Redfern","Apartment / Unit / Flat","1280000","2145","111540","11.48","3.12","3","2","1","152"
"13/11/21","North Shore","Chatswood","House","2700000","2158","112216","24.06","8.15","6","3","1","594"
"13/11/21","Inner West","Annandale","House","2535000","2683","139516","18.17","4.06","2","1","0","183"
"13/11/21","North Shore","Ryde","House","2501000","2024","105248","23.76","10.92","4","4","2","662"
"13/11/21","North Shore","Carlingford","House","1935000","2084","108368","17.86","18.2","4","3","2","708"
"13/11/21","South / St George","Rockdale","House","1915000","1906","99112","19.32","11.79","3","2","1","446"
"13/11/21","Inner South","Mascot","House","1850000","2254","117208","15.78","9.35","3","1","1","505"
"13/11/21","South / St George","Rockdale","House","1600000","1906","99112","16.14","11.79","2","1","1","423"
"13/11/21","Inner South","Alexandria","Apartment / Unit / Flat","1150000","2654","138008","8.33","5.06","2","2","1","121"
"15/11/21","South / St George","Hurstville","House","3550000","1804","93808","37.84","14.81","7","5","4","727"
"15/11/21","Inner West","Burwood","House","2930000","1671","86892","33.72","9.9","4","1","0","727"
"15/11/21","South / St George","Hurstville","House","1700000","1804","93808","18.12","14.81","3","1","1","613"
"15/11/21","CBD & Inner City","Surry Hills","Apartment / Unit / Flat","1300000","2308","120016","10.83","2.14","2","2","2","111"
"16/11/21","Inner West","Annandale","House","3025000","2683","139516","21.68","4.06","4","2","1","152"
"16/11/21","North Shore","Ryde","House","2600000","2024","105248","24.7","10.92","5","3","4","645"
"16/11/21","Inner West","Leichhardt","House","1550000","2673","138996","11.15","5.31","2","1","0","171"
"16/11/21","North Shore","St Leonards","Apartment / Unit / Flat","1140000","2475","128700","8.86","5","2","2","1","117"
"17/11/21","North Shore","Ryde","House","3200000","2024","105248","30.4","10.92","3","1","1","312"
"17/11/21","Inner West","Burwood","House","2110000","1671","86892","24.28","9.9","4","2","2","392"
"17/11/21","Inner West","Annandale","House","1825000","2683","139516","13.08","4.06","2","2","0","183"
"18/11/21","North Shore","Eastwood","House","3060000","1945","101140","30.26","14.34","4","3","2","1012"
"18/11/21","Inner West","Annandale","House","2500000","2683","139516","17.92","4.06","2","1","2","215"
"18/11/21","North Shore","Eastwood","House","2470000","1945","101140","24.42","14.34","4","2","2","714"
"18/11/21","Inner West","Marrickville","House","2320000","2170","112840","20.56","7.23","3","2","2","158"
"18/11/21","North Shore","Carlingford","House","2257500","2084","108368","20.83","18.2","4","2","2","740"
"18/11/21","North Shore","Carlingford","House","1895000","2084","108368","17.49","18.2","4","2","1","534"
"18/11/21","Inner West","Annandale","House","1800000","2683","139516","12.9","4.06","2","1","1","152"
"19/11/21","Inner West","Leichhardt","House","2260000","2673","138996","16.26","5.31","2","1","1","310"
"19/11/21","Inner West","Marrickville","House","2000000","2170","112840","17.72","7.23","3","1","1","240"
"19/11/21","South / St George","Miranda","House","1900000","1920","99840","19.03","20.95","4","1","2","600"
"19/11/21","CBD & Inner City","Surry Hills","Apartment / Unit / Flat","1760000","2308","120016","14.66","2.14","2","2","1","99"
"19/11/21","South / St George","Miranda","House","1640000","1920","99840","16.43","20.95","3","2","2","588"
"20/11/21","Inner West","Ashfield","House","3700000","1888","98176","37.69","8.08","4","2","3","716"
"20/11/21","North Shore","Eastwood","House","3050000","1945","101140","30.16","14.34","5","4","1","582"
"20/11/21","North Shore","Eastwood","House","2715000","1945","101140","26.84","14.34","3","1","1","756"
"20/11/21","North Shore","Ryde","House","2555000","2024","105248","24.28","10.92","3","1","3","714"
"20/11/21","Inner South","Alexandria","House","2030000","2654","138008","14.71","5.06","3","2","1","208"
"20/11/21","North Shore","Epping","House","2000000","2243","116636","17.15","15.95","4","2","2","689"
"20/11/21","South / St George","Arncliffe","House","1765000","2046","106392","16.59","10.09","4","1","2","696"
"20/11/21","Western Sydney","Parramatta","House","1620000","2092","108784","14.89","19.44","3","2","2","481"
"20/11/21","Western Sydney","Parramatta","House","1455500","2092","108784","13.38","19.44","3","1","1","594"
"22/11/21","North Shore","Eastwood","House","4360000","1945","101140","43.11","14.34","4","2","1","1467"
"22/11/21","Inner West","Burwood","House","2390000","1671","86892","27.51","9.9","3","1","2","423"
"22/11/21","North Shore","Carlingford","House","2125000","2084","108368","19.61","18.2","4","2","2","1037"
"22/11/21","South / St George","Hurstville","House","1800000","1804","93808","19.19","14.81","6","3","2","572"
"22/11/21","South / St George","Miranda","Apartment / Unit / Flat","1320000","1920","99840","13.22","20.95","4","2","2","220"
"23/11/21","CBD & Inner City","Surry Hills","House","2330000","2308","120016","19.41","2.14","4","1","2","113"
"23/11/21","Inner South","Mascot","House","1200000","2254","117208","10.24","9.35","2","1","0","164"
"24/11/21","North Shore","Ryde","House","2810000","2024","105248","26.7","10.92","3","1","1","727"
"24/11/21","Inner West","Annandale","House","2750000","2683","139516","19.71","4.06","3","1","1","371"
"24/11/21","North Shore","Ryde","House","2745000","2024","105248","26.08","10.92","3","1","3","696"
"24/11/21","South / St George","Arncliffe","House","1900000","2046","106392","17.86","10.09","3","2","3","697"
"24/11/21","North Shore","Chatswood","Apartment / Unit / Flat","1785000","2158","112216","15.91","8.15","2","2","1","90"
"25/11/21","Inner West","Leichhardt","House","2250000","2673","138996","16.19","5.31","3","2","0","246"
"26/11/21","Inner West","Annandale","House","3700000","2683","139516","26.52","4.06","4","4","2","310"
"26/11/21","South / St George","Arncliffe","House","2125000","2046","106392","19.97","10.09","4","2","2","367"
"26/11/21","CBD & Inner City","Sydney","Apartment / Unit / Flat","1300000","2227","115804","11.23","0.31","3","2","1","120"
"26/11/21","Inner South","Alexandria","Apartment / Unit / Flat","1060000","2654","138008","7.68","5.06","3","2","2","126"
"26/11/21","Inner West","Burwood","Apartment / Unit / Flat","1005000","1671","86892","11.57","9.9","2","2","2","134"
"27/11/21","North Shore","Epping","House","2565000","2243","116636","21.99","15.95","4","3","2","967"
"27/11/21","North Shore","Ryde","House","2450000","2024","105248","23.28","10.92","4","2","1","486"
"27/11/21","North Shore","Ryde","House","2400000","2024","105248","22.8","10.92","4","3","2","667"
"27/11/21","North Shore","Carlingford","House","2225000","2084","108368","20.53","18.2","6","3","2","740"
"27/11/21","North Shore","Ryde","House","2170000","2024","105248","20.62","10.92","3","2","1","474"
"27/11/21","North Shore","Carlingford","House","2100000","2084","108368","19.38","18.2","4","2","2","784"
"27/11/21","South / St George","Hurstville","House","1533000","1804","93808","16.34","14.81","3","1","2","455"
"27/11/21","South / St George","Arncliffe","House","1400000","2046","106392","13.16","10.09","3","2","2","347"
"27/11/21","South / St George","Arncliffe","House","1350000","2046","106392","12.69","10.09","3","3","2","461"
"28/11/21","Inner South","Zetland","House","1978000","2192","113984","17.35","4.72","2","1","1","152"
"29/11/21","North Shore","Epping","House","2730000","2243","116636","23.41","15.95","4","2","2","1069"
"29/11/21","North Shore","Epping","House","2040000","2243","116636","17.49","15.95","4","1","2","708"
"29/11/21","Inner South","Zetland","Apartment / Unit / Flat","1450000","2192","113984","12.72","4.72","2","2","1","182"
"30/11/21","Inner West","Leichhardt","House","1800000","2673","138996","12.95","5.31","2","2","0","215"
"30/11/21","South / St George","Hurstville","House","1780000","1804","93808","18.97","14.81","3","1","1","531"
"30/11/21","Inner South","Mascot","House","1710000","2254","117208","14.59","9.35","3","1","0","351"
"30/11/21","Inner South","Zetland","Apartment / Unit / Flat","1060000","2192","113984","9.3","4.72","2","2","2","134"
"2/12/21","Inner West","Leichhardt","House","1525000","2673","138996","10.97","5.31","2","1","1","215"
"3/12/21","CBD & Inner City","Surry Hills","Apartment / Unit / Flat","1825000","2308","120016","15.21","2.14","2","1","1","81"
"3/12/21","CBD & Inner City","Surry Hills","Apartment / Unit / Flat","627000","2308","120016","5.22","2.14","1","1","1","64"
"4/12/21","South / St George","Miranda","House","1435000","1920","99840","14.37","20.95","4","2","2","581"
"4/12/21","South / St George","Miranda","Apartment / Unit / Flat","662500","1920","99840","6.64","20.95","2","2","1","95"
"5/12/21","Inner West","Strathfield","House","2820000","2262","117624","23.97","12.01","5","2","5","607"
"6/12/21","Inner West","Burwood","House","6600000","1671","86892","75.96","9.9","6","3","6","3269"
"6/12/21","North Shore","Epping","House","2620000","2243","116636","22.46","15.95","4","3","2","1005"
"6/12/21","North Shore","Epping","House","2280000","2243","116636","19.55","15.95","4","2","2","541"
"6/12/21","North Shore","Epping","House","2021000","2243","116636","17.33","15.95","3","2","2","674"
"7/12/21","Inner West","Strathfield","House","1985000","2262","117624","16.88","12.01","4","2","1","658"
"10/12/21","CBD & Inner City","Sydney","Apartment / Unit / Flat","1200000","2227","115804","10.36","0.31","1","1","0","69"
"11/12/21","CBD & Inner City","Sydney","Apartment / Unit / Flat","4100000","2227","115804","35.4","0.31","2","2","1","137"
"11/12/21","South / St George","Miranda","House","2700000","1920","99840","27.04","20.95","6","4","2","903"
"11/12/21","Inner South","Mascot","House","1750000","2254","117208","14.93","9.35","3","1","1","334"
"13/12/21","Inner West","Strathfield","House","3155000","2262","117624","26.82","12.01","5","2","4","676"
"13/12/21","North Shore","Eastwood","House","2751000","1945","101140","27.2","14.34","3","1","2","712"
"14/12/21","Inner West","Strathfield","House","7800000","2262","117624","66.31","12.01","6","5","8","2111"
"14/12/21","Inner West","Strathfield","House","4338000","2262","117624","36.88","12.01","5","5","4","670"
"14/12/21","Inner South","Redfern","House","2370000","2145","111540","21.25","3.12","2","2","1","107"
"14/12/21","South / St George","Miranda","House","1805000","1920","99840","18.08","20.95","3","1","2","550"
"14/12/21","South / St George","Miranda","House","1800000","1920","99840","18.03","20.95","3","2","3","796"
"15/12/21","North Shore","Epping","House","4035000","2243","116636","34.59","15.95","5","4","2","765"
"15/12/21","North Shore","Chatswood","House","3300000","2158","112216","29.41","8.15","4","2","2","1682"
"15/12/21","North Shore","Eastwood","House","2932000","1945","101140","28.99","14.34","4","2","2","954"
"15/12/21","Inner West","Ashfield","House","2510000","1888","98176","25.57","8.08","4","2","4","700"
"15/12/21","North Shore","Carlingford","House","2130000","2084","108368","19.66","18.2","3","2","2","740"
"15/12/21","North Shore","Carlingford","House","1865000","2084","108368","17.21","18.2","4","2","2","695"
"15/12/21","Inner West","Marrickville","House","1725000","2170","112840","15.29","7.23","2","1","1","442"
"15/12/21","Inner South","Alexandria","House","1705000","2654","138008","12.35","5.06","2","2","1","169"
"16/12/21","South / St George","Kogarah","House","2134000","1903","98956","21.57","13.34","3","2","3","531"
"16/12/21","Inner West","Leichhardt","House","1900000","2673","138996","13.67","5.31","3","1","2","272"
"17/12/21","North Shore","Epping","House","2050000","2243","116636","17.58","15.95","4","2","2","784"
"17/12/21","Inner West","Marrickville","House","1830000","2170","112840","16.22","7.23","2","1","2","234"
"17/12/21","South / St George","Miranda","Apartment / Unit / Flat","1050000","1920","99840","10.52","20.95","2","2","1","138"
"18/12/21","Inner West","Burwood","House","3625000","1671","86892","41.72","9.9","4","0","2","715"
"18/12/21","Inner West","Burwood","House","3625000","1671","86892","41.72","9.9","4","2","2","715"
"18/12/21","North Shore","Epping","House","2850000","2243","116636","24.43","15.95","6","4","2","752"
"18/12/21","North Shore","Chatswood","House","2665000","2158","112216","23.75","8.15","3","1","2","512"
"18/12/21","North Shore","Carlingford","House","2541000","2084","108368","23.45","18.2","4","3","2","753"
"18/12/21","North Shore","Carlingford","House","2080000","2084","108368","19.19","18.2","4","3","2","859"
"18/12/21","North Shore","Carlingford","House","1925000","2084","108368","17.76","18.2","4","2","2","929"
"18/12/21","North Shore","St Leonards","Apartment / Unit / Flat","1312000","2475","128700","10.19","5","2","2","1","120"
"20/12/21","North Shore","Eastwood","House","2200000","1945","101140","21.75","14.34","4","2","2","879"
"20/12/21","North Shore","Carlingford","House","1880000","2084","108368","17.35","18.2","3","1","1","777"
"20/12/21","Inner South","Redfern","Apartment / Unit / Flat","1250000","2145","111540","11.21","3.12","2","2","1","94"
"21/12/21","Inner West","Strathfield","House","5450000","2262","117624","46.33","12.01","5","5","2","1012"
"21/12/21","North Shore","Eastwood","House","2780000","1945","101140","27.49","14.34","5","3","3","639"
"21/12/21","North Shore","Epping","House","2612888","2243","116636","22.4","15.95","5","3","3","1042"
"21/12/21","North Shore","Carlingford","House","2059000","2084","108368","19","18.2","5","3","2","402"
"21/12/21","North Shore","Carlingford","House","1900000","2084","108368","17.53","18.2","3","2","2","695"
"21/12/21","Inner West","Leichhardt","House","1800000","2673","138996","12.95","5.31","2","1","1","212"
"21/12/21","North Shore","Epping","House","1710000","2243","116636","14.66","15.95","3","2","1","460"
"22/12/21","Inner West","Annandale","House","3100000","2683","139516","22.22","4.06","5","2","1","291"
"22/12/21","North Shore","Ryde","House","2350000","2024","105248","22.33","10.92","9","4","2","1225"
"22/12/21","North Shore","Carlingford","House","2210000","2084","108368","20.39","18.2","4","3","5","1005"
"22/12/21","Inner West","Ashfield","House","2150000","1888","98176","21.9","8.08","4","2","1","540"
"22/12/21","North Shore","Epping","House","1870000","2243","116636","16.03","15.95","3","0","2","599"
"22/12/21","North Shore","Epping","House","1870000","2243","116636","16.03","15.95","3","2","2","599"
"22/12/21","South / St George","Kogarah","House","1649000","1903","98956","16.66","13.34","3","2","0","485"
"22/12/21","CBD & Inner City","Sydney","Apartment / Unit / Flat","1075000","2227","115804","9.28","0.31","2","2","1","122"
"23/12/21","North Shore","Eastwood","House","2638000","1945","101140","26.08","14.34","6","5","2","986"
"23/12/21","Inner West","Leichhardt","House","2500000","2673","138996","17.99","5.31","3","1","1","348"
"30/12/21","Inner West","Strathfield","House","3235000","2262","117624","27.5","12.01","7","5","4","670"
"30/12/21","North Shore","Carlingford","House","2055000","2084","108368","18.96","18.2","5","2","2","689"
"30/12/21","Inner South","Mascot","House","1900000","2254","117208","16.21","9.35","4","3","2","285"
"31/12/21","CBD & Inner City","Sydney","Apartment / Unit / Flat","1025000","2227","115804","8.85","0.31","2","2","1","129"
